-- phpMyAdmin SQL Dump
-- version 4.9.0.1
-- https://www.phpmyadmin.net/
--
-- Host: 127.0.0.1:3306
-- Generation Time: Dec 21, 2020 at 08:45 PM
-- Server version: 8.0.15
-- PHP Version: 7.1.32

SET SQL_MODE = "NO_AUTO_VALUE_ON_ZERO";
SET AUTOCOMMIT = 0;
START TRANSACTION;
SET time_zone = "+00:00";


/*!40101 SET @OLD_CHARACTER_SET_CLIENT=@@CHARACTER_SET_CLIENT */;
/*!40101 SET @OLD_CHARACTER_SET_RESULTS=@@CHARACTER_SET_RESULTS */;
/*!40101 SET @OLD_COLLATION_CONNECTION=@@COLLATION_CONNECTION */;
/*!40101 SET NAMES utf8mb4 */;

--
-- Database: `interview`
--

-- --------------------------------------------------------

--
-- Table structure for table `interviews`
--

CREATE TABLE `interviews` (
  `interviewcode` int(11) NOT NULL,
  `title` varchar(256) CHARACTER SET utf8 COLLATE utf8_general_ci NOT NULL,
  `victories` int(255) NOT NULL,
  `defeats` int(255) NOT NULL
) ENGINE=InnoDB DEFAULT CHARSET=utf8;

--
-- Dumping data for table `interviews`
--

INSERT INTO `interviews` (`interviewcode`, `title`, `victories`, `defeats`) VALUES
(142, '&lt;script&gt; alert(&quot;Hello&quot;); &lt;/script&gt;', 1, 2),
(143, '&lt;h1&gt;a&lt;/h2&gt;', 0, 0),
(144, '5', 0, 1),
(145, '5', 0, 0),
(146, '5', 0, 0),
(147, '5', 0, 0),
(148, '5', 0, 0),
(149, '5', 0, 0),
(150, '5', 0, 0),
(151, '5', 0, 0),
(152, '5', 0, 0),
(153, '5', 0, 0),
(154, '5', 0, 0),
(155, '5', 0, 0),
(156, '123', 0, 0),
(157, '123', 0, 0),
(158, '123', 0, 0),
(159, '123', 0, 0),
(160, '123', 0, 0),
(161, '123', 0, 0),
(162, '123', 0, 0),
(163, '10', 0, 0),
(164, '10', 0, 0),
(165, '10', 0, 0),
(166, '10', 0, 0),
(167, '0', 0, 0),
(168, '0', 0, 0),
(169, '0', 0, 0),
(170, '0', 0, 0),
(171, 'qwjdqpwd', 0, 0),
(172, '123dd', 0, 0),
(173, 'k', 0, 0),
(174, '28jk', 0, 0),
(175, '3123', 0, 0),
(176, '3123', 0, 0),
(177, '123', 0, 0),
(178, '123', 0, 0),
(179, '123', 0, 0),
(180, '8', 0, 0),
(181, '0', 0, 0),
(182, '&lt;h1&gt;a&lt;/h2&gt;', 0, 0);

-- --------------------------------------------------------

--
-- Table structure for table `question`
--

CREATE TABLE `question` (
  `questioncode` int(11) NOT NULL,
  `essence` varchar(256) NOT NULL,
  `var1` varchar(256) CHARACTER SET utf8 COLLATE utf8_general_ci NOT NULL,
  `var2` varchar(256) CHARACTER SET utf8 COLLATE utf8_general_ci NOT NULL,
  `var3` varchar(256) CHARACTER SET utf8 COLLATE utf8_general_ci NOT NULL,
  `var4` varchar(256) CHARACTER SET utf8 COLLATE utf8_general_ci NOT NULL,
  `vartrue` tinyint(4) NOT NULL
) ENGINE=InnoDB DEFAULT CHARSET=utf8;

--
-- Dumping data for table `question`
--

INSERT INTO `question` (`questioncode`, `essence`, `var1`, `var2`, `var3`, `var4`, `vartrue`) VALUES
(574, '100?', '100', '200', '300', '400', 1),
(575, '200?', '100', '200', '300', '400', 1),
(576, '300?', '100', '200', '300', '400', 1),
(577, '400?', '100', '200', '300', '400', 1),
(578, '500?', '100', '200', '300', '400', 1),
(579, '7', '7', '7', '7', '7', 4),
(580, '7', '7', '7', '7', '7', 1),
(581, '7', '7', '7', '7', '7', 1),
(582, '7', '7', '7', '7', '7', 1),
(583, '7', '7', '7', '7', '7', 1),
(584, '7', '7', '7', '7', '7', 4),
(585, '7', '7', '7', '7', '7', 1),
(586, '7', '7', '7', '7', '7', 1),
(587, '7', '7', '7', '7', '7', 1),
(588, '7', '7', '7', '7', '7', 1),
(589, '7', '7', '7', '7', '7', 4),
(590, '7', '7', '7', '7', '7', 1),
(591, '7', '7', '7', '7', '7', 1),
(592, '7', '7', '7', '7', '7', 1),
(593, '7', '7', '7', '7', '7', 1),
(594, '7', '7', '7', '7', '7', 4),
(595, '7', '7', '7', '7', '7', 1),
(596, '7', '7', '7', '7', '7', 1),
(597, '7', '7', '7', '7', '7', 1),
(598, '7', '7', '7', '7', '7', 1),
(599, '7', '7', '7', '7', '7', 4),
(600, '7', '7', '7', '7', '7', 1),
(601, '7', '7', '7', '7', '7', 1),
(602, '7', '7', '7', '7', '7', 1),
(603, '7', '7', '7', '7', '7', 1),
(604, '7', '7', '7', '7', '7', 4),
(605, '7', '7', '7', '7', '7', 1),
(606, '7', '7', '7', '7', '7', 1),
(607, '7', '7', '7', '7', '7', 1),
(608, '7', '7', '7', '7', '7', 1),
(609, '7', '7', '7', '7', '7', 4),
(610, '7', '7', '7', '7', '7', 1),
(611, '7', '7', '7', '7', '7', 1),
(612, '7', '7', '7', '7', '7', 1),
(613, '7', '7', '7', '7', '7', 1),
(614, '7', '7', '7', '7', '7', 4),
(615, '7', '7', '7', '7', '7', 1),
(616, '7', '7', '7', '7', '7', 1),
(617, '7', '7', '7', '7', '7', 1),
(618, '7', '7', '7', '7', '7', 1),
(619, '7', '7', '7', '7', '7', 4),
(620, '7', '7', '7', '7', '7', 1),
(621, '7', '7', '7', '7', '7', 1),
(622, '7', '7', '7', '7', '7', 1),
(623, '7', '7', '7', '7', '7', 1),
(624, '7', '7', '7', '7', '7', 4),
(625, '7', '7', '7', '7', '7', 1),
(626, '7', '7', '7', '7', '7', 1),
(627, '7', '7', '7', '7', '7', 1),
(628, '7', '7', '7', '7', '7', 1),
(629, '7', '7', '7', '7', '7', 4),
(630, '7', '7', '7', '7', '7', 1),
(631, '7', '7', '7', '7', '7', 1),
(632, '7', '7', '7', '7', '7', 1),
(633, '7', '7', '7', '7', '7', 1),
(634, '7', '7', '7', '7', '7', 4),
(635, '7', '7', '7', '7', '7', 1),
(636, '7', '7', '7', '7', '7', 1),
(637, '7', '7', '7', '7', '7', 1),
(638, '7', '7', '7', '7', '7', 1),
(639, '7', '7', '7', '7', '7', 4),
(640, '7', '7', '7', '7', '7', 1),
(641, '7', '7', '7', '7', '7', 1),
(642, '7', '7', '7', '7', '7', 1),
(643, '7', '7', '7', '7', '7', 1),
(644, '8', '8', '8', '8', '8', 1),
(645, '8', '8', '8', '8', '8', 1),
(646, '8', '8', '8', '8', '8', 1),
(647, '8', '8', '8', '8', '8', 1),
(648, '8', '8', '8', '8', '8', 1),
(649, '8', '8', '8', '8', '8', 1),
(650, '8', '8', '8', '8', '8', 1),
(651, '8', '8', '8', '8', '8', 1),
(652, '8', '8', '8', '8', '8', 1),
(653, '8', '8', '8', '8', '8', 1),
(654, '8', '8', '8', '8', '8', 1),
(655, '8', '8', '8', '8', '8', 1),
(656, '8', '8', '8', '8', '8', 1),
(657, '8', '8', '8', '8', '8', 1),
(658, '8', '8', '8', '8', '8', 1),
(659, '8', '8', '8', '8', '8', 1),
(660, '8', '8', '8', '8', '8', 1),
(661, '8', '8', '8', '8', '8', 1),
(662, '8', '8', '8', '8', '8', 1),
(663, '8', '8', '8', '8', '8', 1),
(664, '8', '8', '8', '8', '8', 1),
(665, '8', '8', '8', '8', '8', 1),
(666, '8', '8', '8', '8', '8', 1),
(667, '8', '8', '8', '8', '8', 1),
(668, '8', '8', '8', '8', '8', 1),
(669, '8', '8', '8', '8', '8', 1),
(670, '8', '8', '8', '8', '8', 1),
(671, '8', '8', '8', '8', '8', 1),
(672, '8', '8', '8', '8', '8', 1),
(673, '8', '8', '8', '8', '8', 1),
(674, '8', '8', '8', '8', '8', 1),
(675, '8', '8', '8', '8', '8', 1),
(676, '8', '8', '8', '8', '8', 1),
(677, '8', '8', '8', '8', '8', 1),
(678, '8', '8', '8', '8', '8', 1),
(679, '0', '0', '0', '0', '0', 1),
(680, '0', '0', '0', '0', '0', 1),
(681, '0', '0', '0', '0', '0', 1),
(682, '0', '0', '0', '0', '0', 1),
(683, '0', '0', '0', '0', '0', 1),
(684, '0', '0', '0', '0', '0', 1),
(685, '0', '0', '0', '0', '0', 1),
(686, '0', '0', '0', '0', '0', 1),
(687, '0', '0', '0', '0', '0', 1),
(688, '0', '0', '0', '0', '0', 1),
(689, '0', '0', '0', '0', '0', 1),
(690, '0', '0', '0', '0', '0', 1),
(691, '0', '0', '0', '0', '0', 1),
(692, '0', '0', '0', '0', '0', 1),
(693, '0', '0', '0', '0', '0', 1),
(694, '0', '0', '0', '0', '0', 1),
(695, '0', '0', '0', '0', '0', 1),
(696, '0', '0', '0', '0', '0', 1),
(697, '0', '0', '0', '0', '0', 1),
(698, '0', '0', '0', '0', '0', 1),
(699, '0', '0', '0', '0', '0', 4),
(700, '0', '0', '0', '0', '0', 1),
(701, '0', '0', '0', '0', '0', 4),
(702, '0', '0', '0', '0', '0', 1),
(703, '0', '0', '0', '0', '0', 1),
(704, '0', '0', '0', '0', '0', 1),
(705, '0', '0', '0', '0', '0', 1),
(706, '0', '0', '0', '0', '0', 1),
(707, '0', '0', '0', '0', '0', 1),
(708, '0', '0', '0', '0', '0', 1),
(709, '0', '0', '0', '0', '0', 1),
(710, '0', '0', '0', '0', '0', 1),
(711, '0', '0', '0', '0', '0', 1),
(712, '0', '0', '0', '0', '0', 1),
(713, '0', '0', '0', '0', '0', 1),
(714, '0', '0', '0', '0', '0', 1),
(715, '0', '0', '0', '0', '0', 1),
(716, '0', '0', '0', '0', '0', 1),
(717, '0', '0', '0', '0', '0', 1),
(718, '0', '0', '0', '0', '0', 1),
(719, 'p', 'p', 'pok', 'kop', 'o', 1),
(720, 'ko', '10', 'ko', 'okp', 'o', 4),
(721, 'qwd', '123', '3', '33', '22', 1),
(722, '3', '3', '2', '3', '3', 1),
(723, '3', '3', '3', '3', '3', 1),
(724, '123', '123', '123', '8', '8', 4),
(725, '8', '8', '8', '8', '8', 4),
(726, '8', '8', '8', '8', '8', 4),
(727, '8', '8', '8', '8', '8', 4),
(728, '8', '8', '8', '2', '3', 4),
(729, 'k', 'k', 'k', 'k', 'kk', 1),
(730, 'k', 'k', 'k', 'k', 'k', 1),
(731, 'k', 'k', 'k', 'k', 'k', 4),
(732, 'k', 'k', 'k', 'k', 'k', 1),
(733, 'k', 'k', 'k', 'k', 'k', 1),
(734, '123', '8', '8', '8', '123', 1),
(735, 'lj', 'jj', 'j', 'j', 'j', 1),
(736, 'j', 'j', 'j', 'j', 'j', 1),
(737, 'j', 'j', 'j', 'j', 'j', 1),
(738, 'j', 'j', 'j', 'j', 'j', 1),
(739, '1235', '5', '5', '5', '5', 1),
(740, '5', '5', '5', '5', '5', 1),
(741, '5', '5', '5', '5', '5', 1),
(742, '5', '5', '5', '5', '5', 1),
(743, '5', '5', '5', '5', '5', 1),
(744, '1235', '5', '5', '5', '5', 1),
(745, '5', '5', '5', '5', '5', 1),
(746, '5', '5', '5', '5', '5', 1),
(747, '5', '5', '5', '5', '5', 1),
(748, '5', '5', '5', '5', '5', 1),
(749, '3', '6', '6', '6', '6', 4),
(750, '6', '6', '6', '6', '6', 4),
(751, '6', '6', '6', '6', '6', 4),
(752, '6', '6', '6', '6', '6', 1),
(753, '6', '6', '6', '6', '6', 1),
(754, '3', '6', '6', '6', '6', 4),
(755, '6', '6', '6', '6', '6', 4),
(756, '6', '6', '6', '6', '6', 4),
(757, '6', '6', '6', '6', '6', 1),
(758, '6', '6', '6', '6', '6', 1),
(759, '3', '6', '6', '6', '6', 4),
(760, '6', '6', '6', '6', '6', 4),
(761, '6', '6', '6', '6', '6', 4),
(762, '6', '6', '6', '6', '6', 1),
(763, '6', '6', '6', '6', '6', 1),
(764, '8', '8', '8', '8', '8', 4),
(765, '8', '8', '8', '8', '8', 4),
(766, '8', '8', '8', '8', '8', 1),
(767, '8', '8', '8', '8', '8', 4),
(768, '8', '8', '8', '8', '8', 1),
(769, '123123123', '65', '54', '5', '5', 1),
(770, '5', '5', '5', '5', '5', 4),
(771, '5', '5', '5', '55', '5', 4),
(772, '5', '5', '5', '5', '5', 4),
(773, '5', '5', '5', '5', '5', 1),
(774, '8', '8', '8', '8', '8', 1),
(775, '8', '8', '8', '8', '8', 1),
(776, '8', '8', '8', '8', '8', 1),
(777, '8', '8', '8', '8', '8', 1),
(778, '8', '8', '8', '8', '8', 1);

-- --------------------------------------------------------

--
-- Table structure for table `questionsinterview`
--

CREATE TABLE `questionsinterview` (
  `questions-interview code` int(11) NOT NULL,
  `interviewcode` int(11) NOT NULL,
  `questioncode` int(11) NOT NULL
) ENGINE=InnoDB DEFAULT CHARSET=utf8;

--
-- Dumping data for table `questionsinterview`
--

INSERT INTO `questionsinterview` (`questions-interview code`, `interviewcode`, `questioncode`) VALUES
(403, 142, 574),
(404, 142, 575),
(405, 142, 576),
(406, 142, 577),
(407, 142, 578),
(408, 143, 579),
(409, 143, 580),
(410, 143, 581),
(411, 143, 582),
(412, 143, 583),
(413, 144, 584),
(414, 144, 585),
(415, 144, 586),
(416, 144, 587),
(417, 144, 588),
(418, 145, 589),
(419, 145, 590),
(420, 145, 591),
(421, 145, 592),
(422, 145, 593),
(423, 146, 594),
(424, 146, 595),
(425, 146, 596),
(426, 146, 597),
(427, 146, 598),
(428, 147, 599),
(429, 147, 600),
(430, 147, 601),
(431, 147, 602),
(432, 147, 603),
(433, 148, 604),
(434, 148, 605),
(435, 148, 606),
(436, 148, 607),
(437, 148, 608),
(438, 149, 609),
(439, 149, 610),
(440, 149, 611),
(441, 149, 612),
(442, 149, 613),
(443, 150, 614),
(444, 150, 615),
(445, 150, 616),
(446, 150, 617),
(447, 150, 618),
(448, 151, 619),
(449, 151, 620),
(450, 151, 621),
(451, 151, 622),
(452, 151, 623),
(453, 152, 624),
(454, 152, 625),
(455, 152, 626),
(456, 152, 627),
(457, 152, 628),
(458, 153, 629),
(459, 153, 630),
(460, 153, 631),
(461, 153, 632),
(462, 153, 633),
(463, 154, 634),
(464, 154, 635),
(465, 154, 636),
(466, 154, 637),
(467, 154, 638),
(468, 155, 639),
(469, 155, 640),
(470, 155, 641),
(471, 155, 642),
(472, 155, 643),
(473, 156, 644),
(474, 156, 645),
(475, 156, 646),
(476, 156, 647),
(477, 156, 648),
(478, 157, 649),
(479, 157, 650),
(480, 157, 651),
(481, 157, 652),
(482, 157, 653),
(483, 158, 654),
(484, 158, 655),
(485, 158, 656),
(486, 158, 657),
(487, 158, 658),
(488, 159, 659),
(489, 159, 660),
(490, 159, 661),
(491, 159, 662),
(492, 159, 663),
(493, 160, 664),
(494, 160, 665),
(495, 160, 666),
(496, 160, 667),
(497, 160, 668),
(498, 161, 669),
(499, 161, 670),
(500, 161, 671),
(501, 161, 672),
(502, 161, 673),
(503, 162, 674),
(504, 162, 675),
(505, 162, 676),
(506, 162, 677),
(507, 162, 678),
(508, 163, 679),
(509, 163, 680),
(510, 163, 681),
(511, 163, 682),
(512, 163, 683),
(513, 164, 684),
(514, 164, 685),
(515, 164, 686),
(516, 164, 687),
(517, 164, 688),
(518, 165, 689),
(519, 165, 690),
(520, 165, 691),
(521, 165, 692),
(522, 165, 693),
(523, 166, 694),
(524, 166, 695),
(525, 166, 696),
(526, 166, 697),
(527, 166, 698),
(528, 167, 699),
(529, 167, 700),
(530, 167, 701),
(531, 167, 702),
(532, 167, 703),
(533, 168, 704),
(534, 168, 705),
(535, 168, 706),
(536, 168, 707),
(537, 168, 708),
(538, 169, 709),
(539, 169, 710),
(540, 169, 711),
(541, 169, 712),
(542, 169, 713),
(543, 170, 714),
(544, 170, 715),
(545, 170, 716),
(546, 170, 717),
(547, 170, 718),
(548, 171, 719),
(549, 171, 720),
(550, 171, 721),
(551, 171, 722),
(552, 171, 723),
(553, 172, 724),
(554, 172, 725),
(555, 172, 726),
(556, 172, 727),
(557, 172, 728),
(558, 173, 729),
(559, 173, 730),
(560, 173, 731),
(561, 173, 732),
(562, 173, 733),
(563, 174, 734),
(564, 174, 735),
(565, 174, 736),
(566, 174, 737),
(567, 174, 738),
(568, 175, 739),
(569, 175, 740),
(570, 175, 741),
(571, 175, 742),
(572, 175, 743),
(573, 176, 744),
(574, 176, 745),
(575, 176, 746),
(576, 176, 747),
(577, 176, 748),
(578, 177, 749),
(579, 177, 750),
(580, 177, 751),
(581, 177, 752),
(582, 177, 753),
(583, 178, 754),
(584, 178, 755),
(585, 178, 756),
(586, 178, 757),
(587, 178, 758),
(588, 179, 759),
(589, 179, 760),
(590, 179, 761),
(591, 179, 762),
(592, 179, 763),
(593, 180, 764),
(594, 180, 765),
(595, 180, 766),
(596, 180, 767),
(597, 180, 768),
(598, 181, 769),
(599, 181, 770),
(600, 181, 771),
(601, 181, 772),
(602, 181, 773),
(603, 182, 774),
(604, 182, 775),
(605, 182, 776),
(606, 182, 777),
(607, 182, 778);

-- --------------------------------------------------------

--
-- Table structure for table `user`
--

CREATE TABLE `user` (
  `id` int(11) NOT NULL,
  `username` varchar(255) NOT NULL,
  `password` varchar(255) NOT NULL,
  `email` varchar(255) NOT NULL,
  `avatar` varchar(255) DEFAULT NULL,
  `accessToken` varchar(255) NOT NULL
) ENGINE=InnoDB DEFAULT CHARSET=utf8;

--
-- Indexes for dumped tables
--

--
-- Indexes for table `interviews`
--
ALTER TABLE `interviews`
  ADD PRIMARY KEY (`interviewcode`);

--
-- Indexes for table `question`
--
ALTER TABLE `question`
  ADD PRIMARY KEY (`questioncode`);

--
-- Indexes for table `questionsinterview`
--
ALTER TABLE `questionsinterview`
  ADD PRIMARY KEY (`questions-interview code`);

--
-- Indexes for table `user`
--
ALTER TABLE `user`
  ADD PRIMARY KEY (`id`);

--
-- AUTO_INCREMENT for dumped tables
--

--
-- AUTO_INCREMENT for table `interviews`
--
ALTER TABLE `interviews`
  MODIFY `interviewcode` int(11) NOT NULL AUTO_INCREMENT, AUTO_INCREMENT=183;

--
-- AUTO_INCREMENT for table `question`
--
ALTER TABLE `question`
  MODIFY `questioncode` int(11) NOT NULL AUTO_INCREMENT, AUTO_INCREMENT=779;

--
-- AUTO_INCREMENT for table `questionsinterview`
--
ALTER TABLE `questionsinterview`
  MODIFY `questions-interview code` int(11) NOT NULL AUTO_INCREMENT, AUTO_INCREMENT=608;

--
-- AUTO_INCREMENT for table `user`
--
ALTER TABLE `user`
  MODIFY `id` int(11) NOT NULL AUTO_INCREMENT;
COMMIT;

/*!40101 SET CHARACTER_SET_CLIENT=@OLD_CHARACTER_SET_CLIENT */;
/*!40101 SET CHARACTER_SET_RESULTS=@OLD_CHARACTER_SET_RESULTS */;
/*!40101 SET COLLATION_CONNECTION=@OLD_COLLATION_CONNECTION */;
